Student_ID,Name,Department,Python,NumPy,Pandas,Attendance
101,Ananya,CSE,85,78,90,92
102,Bhavana,CSE,72,80,75,88
103,Charan,ECE,65,70,68,82
104,Divya,CSE,92,89,95,96
105,Eswar,IT,55,62,58,75
106,Fathima,ECE,78,74,80,90
107,Gowtham,CSE,88,85,82,94
108,Harini,CSE,60,65,70,80
109,Ishaan,ECE,45,55,50,68
110,Jahnavi,IT,95,91,93,98
111,Kiran,CSE,70,68,72,85
112,Lavanya,ECE,82,79,85,91
113,Manoj,IT,58,60,55,72
114,Nandini,CSE,90,94,88,97
115,Pranav,ECE,76,73,78,86
116,Queena,IT,67,64,70,81
117,Rahul,CSE,50,48,55,70
118,Sneha,ECE,87,90,84,93
119,Teja,IT,73,77,69,87
120,Varun,CSE,96,93,97,99
