Student_ID,Name,Department,Python,NumPy,Pandas,Attendance,Total,Average,Grade,Result
101,Ananya,CSE,85,78,90,92,253,84.33,A,Pass
102,Bhavana,CSE,72,80,75,88,227,75.67,B,Pass
103,Charan,ECE,65,70,68,82,203,67.67,C,Pass
104,Divya,CSE,92,89,95,96,276,92.0,A+,Pass
105,Eswar,IT,55,62,58,75,175,58.33,D,Pass
106,Fathima,ECE,78,74,80,90,232,77.33,B,Pass
107,Gowtham,CSE,88,85,82,94,255,85.0,A,Pass
108,Harini,CSE,60,65,70,80,195,65.0,C,Pass
109,Ishaan,ECE,45,55,50,68,150,50.0,D,Pass
110,Jahnavi,IT,95,91,93,98,279,93.0,A+,Pass
111,Kiran,CSE,70,68,72,85,210,70.0,B,Pass
112,Lavanya,ECE,82,79,85,91,246,82.0,A,Pass
113,Manoj,IT,58,60,55,72,173,57.67,D,Pass
114,Nandini,CSE,90,94,88,97,272,90.67,A+,Pass
115,Pranav,ECE,76,73,78,86,227,75.67,B,Pass
116,Queena,IT,67,64,70,81,201,67.0,C,Pass
117,Rahul,CSE,50,48,55,70,153,51.0,D,Pass
118,Sneha,ECE,87,90,84,93,261,87.0,A,Pass
119,Teja,IT,73,77,69,87,219,73.0,B,Pass
120,Varun,CSE,96,93,97,99,286,95.33,A+,Pass
